001_001_001.mp4,01
001_001_002.mp4,01
001_001_003.mp4,01
001_002_001.mp4,01
001_002_002.mp4,01
001_002_003.mp4,01
001_003_001.mp4,01
001_003_002.mp4,01
001_003_003.mp4,01
001_004_001.mp4,01
001_004_002.mp4,01
001_004_003.mp4,01
001_005_001.mp4,01
001_005_002.mp4,01
001_005_003.mp4,01
001_006_001.mp4,01
001_006_002.mp4,01
001_006_003.mp4,01
001_007_001.mp4,01
001_007_002.mp4,01
001_007_003.mp4,01
001_008_001.mp4,01
001_008_002.mp4,01
001_008_003.mp4,01
001_009_001.mp4,01
001_009_002.mp4,01
001_009_003.mp4,01
002_001_001.mp4,02
002_001_002.mp4,02
002_001_003.mp4,02
002_002_001.mp4,02
002_002_002.mp4,02
002_002_003.mp4,02
002_003_001.mp4,02
002_003_002.mp4,02
002_003_003.mp4,02
002_004_001.mp4,02
002_004_002.mp4,02
002_004_003.mp4,02
002_005_001.mp4,02
002_005_002.mp4,02
002_005_003.mp4,02
002_006_001.mp4,02
002_006_002.mp4,02
002_006_003.mp4,02
002_007_001.mp4,02
002_007_002.mp4,02
002_007_003.mp4,02
002_008_001.mp4,02
002_008_002.mp4,02
002_008_003.mp4,02
002_009_001.mp4,02
002_009_002.mp4,02
002_009_003.mp4,02
003_001_001.mp4,03
003_001_002.mp4,03
003_001_003.mp4,03
003_002_001.mp4,03
003_002_002.mp4,03
003_002_003.mp4,03
003_003_001.mp4,03
003_003_002.mp4,03
003_003_003.mp4,03
003_004_001.mp4,03
003_004_002.mp4,03
003_004_003.mp4,03
003_005_001.mp4,03
003_005_002.mp4,03
003_005_003.mp4,03
003_006_001.mp4,03
003_006_002.mp4,03
003_006_003.mp4,03
003_007_001.mp4,03
003_007_002.mp4,03
003_007_003.mp4,03
003_008_001.mp4,03
003_008_002.mp4,03
003_008_003.mp4,03
003_009_001.mp4,03
003_009_002.mp4,03
003_009_003.mp4,03
004_001_001.mp4,04
004_001_002.mp4,04
004_001_003.mp4,04
004_002_001.mp4,04
004_002_002.mp4,04
004_002_003.mp4,04
004_003_001.mp4,04
004_003_002.mp4,04
004_003_003.mp4,04
004_004_001.mp4,04
004_004_002.mp4,04
004_004_003.mp4,04
004_005_001.mp4,04
004_005_002.mp4,04
004_005_003.mp4,04
004_006_001.mp4,04
004_006_002.mp4,04
004_006_003.mp4,04
004_007_001.mp4,04
004_007_002.mp4,04
004_007_003.mp4,04
004_008_001.mp4,04
004_008_002.mp4,04
004_008_003.mp4,04
004_009_001.mp4,04
004_009_002.mp4,04
004_009_003.mp4,04
005_001_001.mp4,05
005_001_002.mp4,05
005_001_003.mp4,05
005_002_001.mp4,05
005_002_002.mp4,05
005_002_003.mp4,05
005_003_001.mp4,05
005_003_002.mp4,05
005_003_003.mp4,05
005_004_001.mp4,05
005_004_002.mp4,05
005_004_003.mp4,05
005_005_001.mp4,05
005_005_002.mp4,05
005_005_003.mp4,05
005_006_001.mp4,05
005_006_002.mp4,05
005_006_003.mp4,05
005_007_001.mp4,05
005_007_002.mp4,05
005_007_003.mp4,05
005_008_001.mp4,05
005_008_002.mp4,05
005_008_003.mp4,05
005_009_001.mp4,05
005_009_002.mp4,05
005_009_003.mp4,05
006_001_001.mp4,06
006_001_002.mp4,06
006_001_003.mp4,06
006_002_001.mp4,06
006_002_002.mp4,06
006_002_003.mp4,06
006_003_001.mp4,06
006_003_002.mp4,06
006_003_003.mp4,06
006_004_001.mp4,06
006_004_002.mp4,06
006_004_003.mp4,06
006_005_001.mp4,06
006_005_002.mp4,06
006_005_003.mp4,06
006_006_001.mp4,06
006_006_002.mp4,06
006_006_003.mp4,06
006_007_001.mp4,06
006_007_002.mp4,06
006_007_003.mp4,06
006_008_001.mp4,06
006_008_002.mp4,06
006_008_003.mp4,06
006_009_001.mp4,06
006_009_002.mp4,06
006_009_003.mp4,06
007_001_001.mp4,07
007_001_002.mp4,07
007_001_003.mp4,07
007_002_001.mp4,07
007_002_002.mp4,07
007_002_003.mp4,07
007_003_001.mp4,07
007_003_002.mp4,07
007_003_003.mp4,07
007_004_001.mp4,07
007_004_002.mp4,07
007_004_003.mp4,07
007_005_001.mp4,07
007_005_002.mp4,07
007_005_003.mp4,07
007_006_001.mp4,07
007_006_002.mp4,07
007_006_003.mp4,07
007_007_001.mp4,07
007_007_002.mp4,07
007_007_003.mp4,07
007_008_001.mp4,07
007_008_002.mp4,07
007_008_003.mp4,07
007_009_001.mp4,07
007_009_002.mp4,07
007_009_003.mp4,07
008_001_001.mp4,08
008_001_002.mp4,08
008_001_003.mp4,08
008_002_001.mp4,08
008_002_002.mp4,08
008_002_003.mp4,08
008_003_001.mp4,08
008_003_002.mp4,08
008_003_003.mp4,08
008_004_001.mp4,08
008_004_002.mp4,08
008_004_003.mp4,08
008_005_001.mp4,08
008_005_002.mp4,08
008_005_003.mp4,08
008_006_001.mp4,08
008_006_002.mp4,08
008_006_003.mp4,08
008_007_001.mp4,08
008_007_002.mp4,08
008_007_003.mp4,08
008_008_001.mp4,08
008_008_002.mp4,08
008_008_003.mp4,08
008_009_001.mp4,08
008_009_002.mp4,08
008_009_003.mp4,08
009_001_001.mp4,09
009_001_002.mp4,09
009_001_003.mp4,09
009_002_001.mp4,09
009_002_002.mp4,09
009_002_003.mp4,09
009_003_001.mp4,09
009_003_002.mp4,09
009_003_003.mp4,09
009_004_001.mp4,09
009_004_002.mp4,09
009_004_003.mp4,09
009_005_001.mp4,09
009_005_002.mp4,09
009_005_003.mp4,09
009_006_001.mp4,09
009_006_002.mp4,09
009_006_003.mp4,09
009_007_001.mp4,09
009_007_002.mp4,09
009_007_003.mp4,09
009_008_001.mp4,09
009_008_002.mp4,09
009_008_003.mp4,09
009_009_001.mp4,09
009_009_002.mp4,09
009_009_003.mp4,09
010_001_001.mp4,10
010_001_002.mp4,10
010_001_003.mp4,10
010_002_001.mp4,10
010_002_002.mp4,10
010_002_003.mp4,10
010_003_001.mp4,10
010_003_002.mp4,10
010_003_003.mp4,10
010_004_001.mp4,10
010_004_002.mp4,10
010_004_003.mp4,10
010_005_001.mp4,10
010_005_002.mp4,10
010_005_003.mp4,10
010_006_001.mp4,10
010_006_002.mp4,10
010_006_003.mp4,10
010_007_001.mp4,10
010_007_002.mp4,10
010_007_003.mp4,10
010_008_001.mp4,10
010_008_002.mp4,10
010_008_003.mp4,10
010_009_001.mp4,10
010_009_002.mp4,10
010_009_003.mp4,10
011_001_001.mp4,11
011_001_002.mp4,11
011_001_003.mp4,11
011_002_001.mp4,11
011_002_002.mp4,11
011_002_003.mp4,11
011_003_001.mp4,11
011_003_002.mp4,11
011_003_003.mp4,11
011_004_001.mp4,11
011_004_002.mp4,11
011_004_003.mp4,11
011_005_001.mp4,11
011_005_002.mp4,11
011_005_003.mp4,11
011_006_001.mp4,11
011_006_002.mp4,11
011_006_003.mp4,11
011_007_001.mp4,11
011_007_002.mp4,11
011_007_003.mp4,11
011_008_001.mp4,11
011_008_002.mp4,11
011_008_003.mp4,11
011_009_001.mp4,11
011_009_002.mp4,11
011_009_003.mp4,11
012_001_001.mp4,12
012_001_002.mp4,12
012_001_003.mp4,12
012_002_001.mp4,12
012_002_002.mp4,12
012_002_003.mp4,12
012_003_001.mp4,12
012_003_002.mp4,12
012_003_003.mp4,12
012_004_001.mp4,12
012_004_002.mp4,12
012_004_003.mp4,12
012_005_001.mp4,12
012_005_002.mp4,12
012_005_003.mp4,12
012_006_001.mp4,12
012_006_002.mp4,12
012_006_003.mp4,12
012_007_001.mp4,12
012_007_002.mp4,12
012_007_003.mp4,12
012_008_001.mp4,12
012_008_002.mp4,12
012_008_003.mp4,12
012_009_001.mp4,12
012_009_002.mp4,12
012_009_003.mp4,12
013_001_001.mp4,13
013_001_002.mp4,13
013_001_003.mp4,13
013_002_001.mp4,13
013_002_002.mp4,13
013_002_003.mp4,13
013_003_001.mp4,13
013_003_002.mp4,13
013_003_003.mp4,13
013_004_001.mp4,13
013_004_002.mp4,13
013_004_003.mp4,13
013_005_001.mp4,13
013_005_002.mp4,13
013_005_003.mp4,13
013_006_001.mp4,13
013_006_002.mp4,13
013_006_003.mp4,13
013_007_001.mp4,13
013_007_002.mp4,13
013_007_003.mp4,13
013_008_001.mp4,13
013_008_002.mp4,13
013_008_003.mp4,13
013_009_001.mp4,13
013_009_002.mp4,13
013_009_003.mp4,13
014_001_001.mp4,14
014_001_002.mp4,14
014_001_003.mp4,14
014_002_001.mp4,14
014_002_002.mp4,14
014_002_003.mp4,14
014_003_001.mp4,14
014_003_002.mp4,14
014_003_003.mp4,14
014_004_001.mp4,14
014_004_002.mp4,14
014_004_003.mp4,14
014_005_001.mp4,14
014_005_002.mp4,14
014_005_003.mp4,14
014_006_001.mp4,14
014_006_002.mp4,14
014_006_003.mp4,14
014_007_001.mp4,14
014_007_002.mp4,14
014_007_003.mp4,14
014_008_001.mp4,14
014_008_002.mp4,14
014_008_003.mp4,14
014_009_001.mp4,14
014_009_002.mp4,14
014_009_003.mp4,14
015_001_001.mp4,15
015_001_002.mp4,15
015_001_003.mp4,15
015_002_001.mp4,15
015_002_002.mp4,15
015_002_003.mp4,15
015_003_001.mp4,15
015_003_002.mp4,15
015_003_003.mp4,15
015_004_001.mp4,15
015_004_002.mp4,15
015_004_003.mp4,15
015_005_001.mp4,15
015_005_002.mp4,15
015_005_003.mp4,15
015_006_001.mp4,15
015_006_002.mp4,15
015_006_003.mp4,15
015_007_001.mp4,15
015_007_002.mp4,15
015_007_003.mp4,15
015_008_001.mp4,15
015_008_002.mp4,15
015_008_003.mp4,15
015_009_001.mp4,15
015_009_002.mp4,15
015_009_003.mp4,15
016_001_001.mp4,16
016_001_002.mp4,16
016_001_003.mp4,16
016_002_001.mp4,16
016_002_002.mp4,16
016_002_003.mp4,16
016_003_001.mp4,16
016_003_002.mp4,16
016_003_003.mp4,16
016_004_001.mp4,16
016_004_002.mp4,16
016_004_003.mp4,16
016_005_001.mp4,16
016_005_002.mp4,16
016_005_003.mp4,16
016_006_001.mp4,16
016_006_002.mp4,16
016_006_003.mp4,16
016_007_001.mp4,16
016_007_002.mp4,16
016_007_003.mp4,16
016_008_001.mp4,16
016_008_002.mp4,16
016_008_003.mp4,16
016_009_001.mp4,16
016_009_002.mp4,16
016_009_003.mp4,16
017_001_001.mp4,17
017_001_002.mp4,17
017_001_003.mp4,17
017_002_001.mp4,17
017_002_002.mp4,17
017_002_003.mp4,17
017_003_001.mp4,17
017_003_002.mp4,17
017_003_003.mp4,17
017_004_001.mp4,17
017_004_002.mp4,17
017_004_003.mp4,17
017_005_001.mp4,17
017_005_002.mp4,17
017_005_003.mp4,17
017_006_001.mp4,17
017_006_002.mp4,17
017_006_003.mp4,17
017_007_001.mp4,17
017_007_002.mp4,17
017_007_003.mp4,17
017_008_001.mp4,17
017_008_002.mp4,17
017_008_003.mp4,17
017_009_001.mp4,17
017_009_002.mp4,17
017_009_003.mp4,17
018_001_001.mp4,18
018_001_002.mp4,18
018_001_003.mp4,18
018_002_001.mp4,18
018_002_002.mp4,18
018_002_003.mp4,18
018_003_001.mp4,18
018_003_002.mp4,18
018_003_003.mp4,18
018_004_001.mp4,18
018_004_002.mp4,18
018_004_003.mp4,18
018_005_001.mp4,18
018_005_002.mp4,18
018_005_003.mp4,18
018_006_001.mp4,18
018_006_002.mp4,18
018_006_003.mp4,18
018_007_001.mp4,18
018_007_002.mp4,18
018_007_003.mp4,18
018_008_001.mp4,18
018_008_002.mp4,18
018_008_003.mp4,18
018_009_001.mp4,18
018_009_002.mp4,18
018_009_003.mp4,18
019_001_001.mp4,19
019_001_002.mp4,19
019_001_003.mp4,19
019_002_001.mp4,19
019_002_002.mp4,19
019_002_003.mp4,19
019_003_001.mp4,19
019_003_002.mp4,19
019_003_003.mp4,19
019_004_001.mp4,19
019_004_002.mp4,19
019_004_003.mp4,19
019_005_001.mp4,19
019_005_002.mp4,19
019_005_003.mp4,19
019_006_001.mp4,19
019_006_002.mp4,19
019_006_003.mp4,19
019_007_001.mp4,19
019_007_002.mp4,19
019_007_003.mp4,19
019_008_001.mp4,19
019_008_002.mp4,19
019_008_003.mp4,19
019_009_001.mp4,19
019_009_002.mp4,19
019_009_003.mp4,19
020_001_001.mp4,20
020_001_002.mp4,20
020_001_003.mp4,20
020_002_001.mp4,20
020_002_002.mp4,20
020_002_003.mp4,20
020_003_001.mp4,20
020_003_002.mp4,20
020_003_003.mp4,20
020_004_001.mp4,20
020_004_002.mp4,20
020_004_003.mp4,20
020_005_001.mp4,20
020_005_002.mp4,20
020_005_003.mp4,20
020_006_001.mp4,20
020_006_002.mp4,20
020_006_003.mp4,20
020_007_001.mp4,20
020_007_002.mp4,20
020_007_003.mp4,20
020_008_001.mp4,20
020_008_002.mp4,20
020_008_003.mp4,20
020_009_001.mp4,20
020_009_002.mp4,20
020_009_003.mp4,20
021_001_001.mp4,21
021_001_002.mp4,21
021_001_003.mp4,21
021_002_001.mp4,21
021_002_002.mp4,21
021_002_003.mp4,21
021_003_001.mp4,21
021_003_002.mp4,21
021_003_003.mp4,21
021_004_001.mp4,21
021_004_002.mp4,21
021_004_003.mp4,21
021_005_001.mp4,21
021_005_002.mp4,21
021_005_003.mp4,21
021_006_001.mp4,21
021_006_002.mp4,21
021_006_003.mp4,21
021_007_001.mp4,21
021_007_002.mp4,21
021_007_003.mp4,21
021_008_001.mp4,21
021_008_002.mp4,21
021_008_003.mp4,21
021_009_001.mp4,21
021_009_002.mp4,21
021_009_003.mp4,21
022_001_001.mp4,22
022_001_002.mp4,22
022_001_003.mp4,22
022_002_001.mp4,22
022_002_002.mp4,22
022_002_003.mp4,22
022_003_001.mp4,22
022_003_002.mp4,22
022_003_003.mp4,22
022_004_001.mp4,22
022_004_002.mp4,22
022_004_003.mp4,22
022_005_001.mp4,22
022_005_002.mp4,22
022_005_003.mp4,22
022_006_001.mp4,22
022_006_002.mp4,22
022_006_003.mp4,22
022_007_001.mp4,22
022_007_002.mp4,22
022_007_003.mp4,22
022_008_001.mp4,22
022_008_002.mp4,22
022_008_003.mp4,22
022_009_001.mp4,22
022_009_002.mp4,22
022_009_003.mp4,22
023_001_001.mp4,23
023_001_002.mp4,23
023_001_003.mp4,23
023_002_001.mp4,23
023_002_002.mp4,23
023_002_003.mp4,23
023_003_001.mp4,23
023_003_002.mp4,23
023_003_003.mp4,23
023_004_001.mp4,23
023_004_002.mp4,23
023_004_003.mp4,23
023_005_001.mp4,23
023_005_002.mp4,23
023_005_003.mp4,23
023_006_001.mp4,23
023_006_002.mp4,23
023_006_003.mp4,23
023_007_001.mp4,23
023_007_002.mp4,23
023_007_003.mp4,23
023_008_001.mp4,23
023_008_002.mp4,23
023_008_003.mp4,23
023_009_001.mp4,23
023_009_002.mp4,23
023_009_003.mp4,23
024_001_001.mp4,24
024_001_002.mp4,24
024_001_003.mp4,24
024_002_001.mp4,24
024_002_002.mp4,24
024_002_003.mp4,24
024_003_001.mp4,24
024_003_002.mp4,24
024_003_003.mp4,24
024_004_001.mp4,24
024_004_002.mp4,24
024_004_003.mp4,24
024_005_001.mp4,24
024_005_002.mp4,24
024_005_003.mp4,24
024_006_001.mp4,24
024_006_002.mp4,24
024_006_003.mp4,24
024_007_001.mp4,24
024_007_002.mp4,24
024_007_003.mp4,24
024_008_001.mp4,24
024_008_002.mp4,24
024_008_003.mp4,24
024_009_001.mp4,24
024_009_002.mp4,24
024_009_003.mp4,24
025_001_001.mp4,25
025_001_002.mp4,25
025_001_003.mp4,25
025_002_001.mp4,25
025_002_002.mp4,25
025_002_003.mp4,25
025_003_001.mp4,25
025_003_002.mp4,25
025_003_003.mp4,25
025_004_001.mp4,25
025_004_002.mp4,25
025_004_003.mp4,25
025_005_001.mp4,25
025_005_002.mp4,25
025_005_003.mp4,25
025_006_001.mp4,25
025_006_002.mp4,25
025_006_003.mp4,25
025_007_001.mp4,25
025_007_002.mp4,25
025_007_003.mp4,25
025_008_001.mp4,25
025_008_002.mp4,25
025_008_003.mp4,25
025_009_001.mp4,25
025_009_002.mp4,25
025_009_003.mp4,25
026_001_001.mp4,26
026_001_002.mp4,26
026_001_003.mp4,26
026_002_001.mp4,26
026_002_002.mp4,26
026_002_003.mp4,26
026_003_001.mp4,26
026_003_002.mp4,26
026_003_003.mp4,26
026_004_001.mp4,26
026_004_002.mp4,26
026_004_003.mp4,26
026_005_001.mp4,26
026_005_002.mp4,26
026_005_003.mp4,26
026_006_001.mp4,26
026_006_002.mp4,26
026_006_003.mp4,26
026_007_001.mp4,26
026_007_002.mp4,26
026_007_003.mp4,26
026_008_001.mp4,26
026_008_002.mp4,26
026_008_003.mp4,26
026_009_001.mp4,26
026_009_002.mp4,26
026_009_003.mp4,26
027_001_001.mp4,27
027_001_002.mp4,27
027_001_003.mp4,27
027_002_001.mp4,27
027_002_002.mp4,27
027_002_003.mp4,27
027_003_001.mp4,27
027_003_002.mp4,27
027_003_003.mp4,27
027_004_001.mp4,27
027_004_002.mp4,27
027_004_003.mp4,27
027_005_001.mp4,27
027_005_002.mp4,27
027_005_003.mp4,27
027_006_001.mp4,27
027_006_002.mp4,27
027_006_003.mp4,27
027_007_001.mp4,27
027_007_002.mp4,27
027_007_003.mp4,27
027_008_001.mp4,27
027_008_002.mp4,27
027_008_003.mp4,27
027_009_001.mp4,27
027_009_002.mp4,27
027_009_003.mp4,27
028_001_001.mp4,28
028_001_002.mp4,28
028_001_003.mp4,28
028_002_001.mp4,28
028_002_002.mp4,28
028_002_003.mp4,28
028_003_001.mp4,28
028_003_002.mp4,28
028_003_003.mp4,28
028_004_001.mp4,28
028_004_002.mp4,28
028_004_003.mp4,28
028_005_001.mp4,28
028_005_002.mp4,28
028_005_003.mp4,28
028_006_001.mp4,28
028_006_002.mp4,28
028_006_003.mp4,28
028_007_001.mp4,28
028_007_002.mp4,28
028_007_003.mp4,28
028_008_001.mp4,28
028_008_002.mp4,28
028_008_003.mp4,28
028_009_001.mp4,28
028_009_002.mp4,28
028_009_003.mp4,28
029_001_001.mp4,29
029_001_002.mp4,29
029_001_003.mp4,29
029_002_001.mp4,29
029_002_002.mp4,29
029_002_003.mp4,29
029_003_001.mp4,29
029_003_002.mp4,29
029_003_003.mp4,29
029_004_001.mp4,29
029_004_002.mp4,29
029_004_003.mp4,29
029_005_001.mp4,29
029_005_002.mp4,29
029_005_003.mp4,29
029_006_001.mp4,29
029_006_002.mp4,29
029_006_003.mp4,29
029_007_001.mp4,29
029_007_002.mp4,29
029_007_003.mp4,29
029_008_001.mp4,29
029_008_002.mp4,29
029_008_003.mp4,29
029_009_001.mp4,29
029_009_002.mp4,29
029_009_003.mp4,29
030_001_001.mp4,30
030_001_002.mp4,30
030_001_003.mp4,30
030_002_001.mp4,30
030_002_002.mp4,30
030_002_003.mp4,30
030_003_001.mp4,30
030_003_002.mp4,30
030_003_003.mp4,30
030_004_001.mp4,30
030_004_002.mp4,30
030_004_003.mp4,30
030_005_001.mp4,30
030_005_002.mp4,30
030_005_003.mp4,30
030_006_001.mp4,30
030_006_002.mp4,30
030_006_003.mp4,30
030_007_001.mp4,30
030_007_002.mp4,30
030_007_003.mp4,30
030_008_001.mp4,30
030_008_002.mp4,30
030_008_003.mp4,30
030_009_001.mp4,30
030_009_002.mp4,30
030_009_003.mp4,30
031_001_001.mp4,31
031_001_002.mp4,31
031_001_003.mp4,31
031_002_001.mp4,31
031_002_002.mp4,31
031_002_003.mp4,31
031_003_001.mp4,31
031_003_002.mp4,31
031_003_003.mp4,31
031_004_001.mp4,31
031_004_002.mp4,31
031_004_003.mp4,31
031_005_001.mp4,31
031_005_002.mp4,31
031_005_003.mp4,31
031_006_001.mp4,31
031_006_002.mp4,31
031_006_003.mp4,31
031_007_001.mp4,31
031_007_002.mp4,31
031_007_003.mp4,31
031_008_001.mp4,31
031_008_002.mp4,31
031_008_003.mp4,31
031_009_001.mp4,31
031_009_002.mp4,31
031_009_003.mp4,31
032_001_001.mp4,32
032_001_002.mp4,32
032_001_003.mp4,32
032_002_001.mp4,32
032_002_002.mp4,32
032_002_003.mp4,32
032_003_001.mp4,32
032_003_002.mp4,32
032_003_003.mp4,32
032_004_001.mp4,32
032_004_002.mp4,32
032_004_003.mp4,32
032_005_001.mp4,32
032_005_002.mp4,32
032_005_003.mp4,32
032_006_001.mp4,32
032_006_002.mp4,32
032_006_003.mp4,32
032_007_001.mp4,32
032_007_002.mp4,32
032_007_003.mp4,32
032_008_001.mp4,32
032_008_002.mp4,32
032_008_003.mp4,32
032_009_001.mp4,32
032_009_002.mp4,32
032_009_003.mp4,32
033_001_001.mp4,33
033_001_002.mp4,33
033_001_003.mp4,33
033_002_001.mp4,33
033_002_002.mp4,33
033_002_003.mp4,33
033_003_001.mp4,33
033_003_002.mp4,33
033_003_003.mp4,33
033_004_001.mp4,33
033_004_002.mp4,33
033_004_003.mp4,33
033_005_001.mp4,33
033_005_002.mp4,33
033_005_003.mp4,33
033_006_001.mp4,33
033_006_002.mp4,33
033_006_003.mp4,33
033_007_001.mp4,33
033_007_002.mp4,33
033_007_003.mp4,33
033_008_001.mp4,33
033_008_002.mp4,33
033_008_003.mp4,33
033_009_001.mp4,33
033_009_002.mp4,33
033_009_003.mp4,33
034_001_001.mp4,34
034_001_002.mp4,34
034_001_003.mp4,34
034_002_001.mp4,34
034_002_002.mp4,34
034_002_003.mp4,34
034_003_001.mp4,34
034_003_002.mp4,34
034_003_003.mp4,34
034_004_001.mp4,34
034_004_002.mp4,34
034_004_003.mp4,34
034_005_001.mp4,34
034_005_002.mp4,34
034_005_003.mp4,34
034_006_001.mp4,34
034_006_002.mp4,34
034_006_003.mp4,34
034_007_001.mp4,34
034_007_002.mp4,34
034_007_003.mp4,34
034_008_001.mp4,34
034_008_002.mp4,34
034_008_003.mp4,34
034_009_001.mp4,34
034_009_002.mp4,34
034_009_003.mp4,34
035_001_001.mp4,35
035_001_002.mp4,35
035_001_003.mp4,35
035_002_001.mp4,35
035_002_002.mp4,35
035_002_003.mp4,35
035_003_001.mp4,35
035_003_002.mp4,35
035_003_003.mp4,35
035_004_001.mp4,35
035_004_002.mp4,35
035_004_003.mp4,35
035_005_001.mp4,35
035_005_002.mp4,35
035_005_003.mp4,35
035_006_001.mp4,35
035_006_002.mp4,35
035_006_003.mp4,35
035_007_001.mp4,35
035_007_002.mp4,35
035_007_003.mp4,35
035_008_001.mp4,35
035_008_002.mp4,35
035_008_003.mp4,35
035_009_001.mp4,35
035_009_002.mp4,35
035_009_003.mp4,35
036_001_001.mp4,36
036_001_002.mp4,36
036_001_003.mp4,36
036_002_001.mp4,36
036_002_002.mp4,36
036_002_003.mp4,36
036_003_001.mp4,36
036_003_002.mp4,36
036_003_003.mp4,36
036_004_001.mp4,36
036_004_002.mp4,36
036_004_003.mp4,36
036_005_001.mp4,36
036_005_002.mp4,36
036_005_003.mp4,36
036_006_001.mp4,36
036_006_002.mp4,36
036_006_003.mp4,36
036_007_001.mp4,36
036_007_002.mp4,36
036_007_003.mp4,36
036_008_001.mp4,36
036_008_002.mp4,36
036_008_003.mp4,36
036_009_001.mp4,36
036_009_002.mp4,36
036_009_003.mp4,36
037_001_001.mp4,37
037_001_002.mp4,37
037_001_003.mp4,37
037_002_001.mp4,37
037_002_002.mp4,37
037_002_003.mp4,37
037_003_001.mp4,37
037_003_002.mp4,37
037_003_003.mp4,37
037_004_001.mp4,37
037_004_002.mp4,37
037_004_003.mp4,37
037_005_001.mp4,37
037_005_002.mp4,37
037_005_003.mp4,37
037_006_001.mp4,37
037_006_002.mp4,37
037_006_003.mp4,37
037_007_001.mp4,37
037_007_002.mp4,37
037_007_003.mp4,37
037_008_001.mp4,37
037_008_002.mp4,37
037_008_003.mp4,37
037_009_001.mp4,37
037_009_002.mp4,37
037_009_003.mp4,37
038_001_001.mp4,38
038_001_002.mp4,38
038_001_003.mp4,38
038_002_001.mp4,38
038_002_002.mp4,38
038_002_003.mp4,38
038_003_001.mp4,38
038_003_002.mp4,38
038_003_003.mp4,38
038_004_001.mp4,38
038_004_002.mp4,38
038_004_003.mp4,38
038_005_001.mp4,38
038_005_002.mp4,38
038_005_003.mp4,38
038_006_001.mp4,38
038_006_002.mp4,38
038_006_003.mp4,38
038_007_001.mp4,38
038_007_002.mp4,38
038_007_003.mp4,38
038_008_001.mp4,38
038_008_002.mp4,38
038_008_003.mp4,38
038_009_001.mp4,38
038_009_002.mp4,38
038_009_003.mp4,38
039_001_001.mp4,39
039_001_002.mp4,39
039_001_003.mp4,39
039_002_001.mp4,39
039_002_002.mp4,39
039_002_003.mp4,39
039_003_001.mp4,39
039_003_002.mp4,39
039_003_003.mp4,39
039_004_001.mp4,39
039_004_002.mp4,39
039_004_003.mp4,39
039_005_001.mp4,39
039_005_002.mp4,39
039_005_003.mp4,39
039_006_001.mp4,39
039_006_002.mp4,39
039_006_003.mp4,39
039_007_001.mp4,39
039_007_002.mp4,39
039_007_003.mp4,39
039_008_001.mp4,39
039_008_002.mp4,39
039_008_003.mp4,39
039_009_001.mp4,39
039_009_002.mp4,39
039_009_003.mp4,39
040_001_001.mp4,40
040_001_002.mp4,40
040_001_003.mp4,40
040_002_001.mp4,40
040_002_002.mp4,40
040_002_003.mp4,40
040_003_001.mp4,40
040_003_002.mp4,40
040_003_003.mp4,40
040_004_001.mp4,40
040_004_002.mp4,40
040_004_003.mp4,40
040_005_001.mp4,40
040_005_002.mp4,40
040_005_003.mp4,40
040_006_001.mp4,40
040_006_002.mp4,40
040_006_003.mp4,40
040_007_001.mp4,40
040_007_002.mp4,40
040_007_003.mp4,40
040_008_001.mp4,40
040_008_002.mp4,40
040_008_003.mp4,40
040_009_001.mp4,40
040_009_002.mp4,40
040_009_003.mp4,40
041_001_001.mp4,41
041_001_002.mp4,41
041_001_003.mp4,41
041_002_001.mp4,41
041_002_002.mp4,41
041_002_003.mp4,41
041_003_001.mp4,41
041_003_002.mp4,41
041_003_003.mp4,41
041_004_001.mp4,41
041_004_002.mp4,41
041_004_003.mp4,41
041_005_001.mp4,41
041_005_002.mp4,41
041_005_003.mp4,41
041_006_001.mp4,41
041_006_002.mp4,41
041_006_003.mp4,41
041_007_001.mp4,41
041_007_002.mp4,41
041_007_003.mp4,41
041_008_001.mp4,41
041_008_002.mp4,41
041_008_003.mp4,41
041_009_001.mp4,41
041_009_002.mp4,41
041_009_003.mp4,41
042_001_001.mp4,42
042_001_002.mp4,42
042_001_003.mp4,42
042_002_001.mp4,42
042_002_002.mp4,42
042_002_003.mp4,42
042_003_001.mp4,42
042_003_002.mp4,42
042_003_003.mp4,42
042_004_001.mp4,42
042_004_002.mp4,42
042_004_003.mp4,42
042_005_001.mp4,42
042_005_002.mp4,42
042_005_003.mp4,42
042_006_001.mp4,42
042_006_002.mp4,42
042_006_003.mp4,42
042_007_001.mp4,42
042_007_002.mp4,42
042_007_003.mp4,42
042_008_001.mp4,42
042_008_002.mp4,42
042_008_003.mp4,42
042_009_001.mp4,42
042_009_002.mp4,42
042_009_003.mp4,42
043_001_001.mp4,43
043_001_002.mp4,43
043_001_003.mp4,43
043_002_001.mp4,43
043_002_002.mp4,43
043_002_003.mp4,43
043_003_001.mp4,43
043_003_002.mp4,43
043_003_003.mp4,43
043_004_001.mp4,43
043_004_002.mp4,43
043_004_003.mp4,43
043_005_001.mp4,43
043_005_002.mp4,43
043_005_003.mp4,43
043_006_001.mp4,43
043_006_002.mp4,43
043_006_003.mp4,43
043_007_001.mp4,43
043_007_002.mp4,43
043_007_003.mp4,43
043_008_001.mp4,43
043_008_002.mp4,43
043_008_003.mp4,43
043_009_001.mp4,43
043_009_002.mp4,43
043_009_003.mp4,43
044_001_001.mp4,44
044_001_002.mp4,44
044_001_003.mp4,44
044_002_001.mp4,44
044_002_002.mp4,44
044_002_003.mp4,44
044_003_001.mp4,44
044_003_002.mp4,44
044_003_003.mp4,44
044_004_001.mp4,44
044_004_002.mp4,44
044_004_003.mp4,44
044_005_001.mp4,44
044_005_002.mp4,44
044_005_003.mp4,44
044_006_001.mp4,44
044_006_002.mp4,44
044_006_003.mp4,44
044_007_001.mp4,44
044_007_002.mp4,44
044_007_003.mp4,44
044_008_001.mp4,44
044_008_002.mp4,44
044_008_003.mp4,44
044_009_001.mp4,44
044_009_002.mp4,44
044_009_003.mp4,44
045_001_001.mp4,45
045_001_002.mp4,45
045_001_003.mp4,45
045_002_001.mp4,45
045_002_002.mp4,45
045_002_003.mp4,45
045_003_001.mp4,45
045_003_002.mp4,45
045_003_003.mp4,45
045_004_001.mp4,45
045_004_002.mp4,45
045_004_003.mp4,45
045_005_001.mp4,45
045_005_002.mp4,45
045_005_003.mp4,45
045_006_001.mp4,45
045_006_002.mp4,45
045_006_003.mp4,45
045_007_001.mp4,45
045_007_002.mp4,45
045_007_003.mp4,45
045_008_001.mp4,45
045_008_002.mp4,45
045_008_003.mp4,45
045_009_001.mp4,45
045_009_002.mp4,45
045_009_003.mp4,45
046_001_001.mp4,46
046_001_002.mp4,46
046_001_003.mp4,46
046_002_001.mp4,46
046_002_002.mp4,46
046_002_003.mp4,46
046_003_001.mp4,46
046_003_002.mp4,46
046_003_003.mp4,46
046_004_001.mp4,46
046_004_002.mp4,46
046_004_003.mp4,46
046_005_001.mp4,46
046_005_002.mp4,46
046_005_003.mp4,46
046_006_001.mp4,46
046_006_002.mp4,46
046_006_003.mp4,46
046_007_001.mp4,46
046_007_002.mp4,46
046_007_003.mp4,46
046_008_001.mp4,46
046_008_002.mp4,46
046_008_003.mp4,46
046_009_001.mp4,46
046_009_002.mp4,46
046_009_003.mp4,46
047_001_001.mp4,47
047_001_002.mp4,47
047_001_003.mp4,47
047_002_001.mp4,47
047_002_002.mp4,47
047_002_003.mp4,47
047_003_001.mp4,47
047_003_002.mp4,47
047_003_003.mp4,47
047_004_001.mp4,47
047_004_002.mp4,47
047_004_003.mp4,47
047_005_001.mp4,47
047_005_002.mp4,47
047_005_003.mp4,47
047_006_001.mp4,47
047_006_002.mp4,47
047_006_003.mp4,47
047_007_001.mp4,47
047_007_002.mp4,47
047_007_003.mp4,47
047_008_001.mp4,47
047_008_002.mp4,47
047_008_003.mp4,47
047_009_001.mp4,47
047_009_002.mp4,47
047_009_003.mp4,47
048_001_001.mp4,48
048_001_002.mp4,48
048_001_003.mp4,48
048_002_001.mp4,48
048_002_002.mp4,48
048_002_003.mp4,48
048_003_001.mp4,48
048_003_002.mp4,48
048_003_003.mp4,48
048_004_001.mp4,48
048_004_002.mp4,48
048_004_003.mp4,48
048_005_001.mp4,48
048_005_002.mp4,48
048_005_003.mp4,48
048_006_001.mp4,48
048_006_002.mp4,48
048_006_003.mp4,48
048_007_001.mp4,48
048_007_002.mp4,48
048_007_003.mp4,48
048_008_001.mp4,48
048_008_002.mp4,48
048_008_003.mp4,48
048_009_001.mp4,48
048_009_002.mp4,48
048_009_003.mp4,48
049_001_001.mp4,49
049_001_002.mp4,49
049_001_003.mp4,49
049_002_001.mp4,49
049_002_002.mp4,49
049_002_003.mp4,49
049_003_001.mp4,49
049_003_002.mp4,49
049_003_003.mp4,49
049_004_001.mp4,49
049_004_002.mp4,49
049_004_003.mp4,49
049_005_001.mp4,49
049_005_002.mp4,49
049_005_003.mp4,49
049_006_001.mp4,49
049_006_002.mp4,49
049_006_003.mp4,49
049_007_001.mp4,49
049_007_002.mp4,49
049_007_003.mp4,49
049_008_001.mp4,49
049_008_002.mp4,49
049_008_003.mp4,49
049_009_001.mp4,49
049_009_002.mp4,49
049_009_003.mp4,49
050_001_001.mp4,50
050_001_002.mp4,50
050_001_003.mp4,50
050_002_001.mp4,50
050_002_002.mp4,50
050_002_003.mp4,50
050_003_001.mp4,50
050_003_002.mp4,50
050_003_003.mp4,50
050_004_001.mp4,50
050_004_002.mp4,50
050_004_003.mp4,50
050_005_001.mp4,50
050_005_002.mp4,50
050_005_003.mp4,50
050_006_001.mp4,50
050_006_002.mp4,50
050_006_003.mp4,50
050_007_001.mp4,50
050_007_002.mp4,50
050_007_003.mp4,50
050_008_001.mp4,50
050_008_002.mp4,50
050_008_003.mp4,50
050_009_001.mp4,50
050_009_002.mp4,50
050_009_003.mp4,50
